"PASSENGERID","PASSENGERNAME","PASSENGERROLE","PASSENGERGENDER","PASSENGERAGE","FACULTYID"
U163,Anabia Mccabe,Staff,Male,21,Alienware
U010,Jeremy Chandler,Student,Female,25,ENG
U011,Marquis Lozano,Staff,Male,55,ENG
U012,Scarlett Berry,Staff,Male,31,ENG
U013,Salvador Salinas,Staff,Male,68,ENG
U014,Taniya Weiss,Staff,Male,54,ENG
U015,Benjamin Galvan,Staff,Male,39,ENG
U016,Kaleigh Yu,Student,Male,47,ENG
U017,Kendra Mckee,Student,Female,37,ENG
U018,Lawson Frazier,Student,Female,46,ENG
U019,Jillian Hurst,Student,Female,34,ENG
U020,Hope Shepard,Student,Female,42,FIT
U021,Jordin Love,Student,Female,25,BUS
U022,Jazmyn Johnston,Student,Female,42,BUS
U023,Belen Hunt,Student,Female,40,ART
U024,Bruce Roberts,Student,Male,42,SCI
U025,Alyssa Tapia,Student,Male,38,ENG
U026,Vanessa Pena,Student,Female,33,ENG
U027,Kylie Stanley,Staff,Female,54,ENG
U028,Serenity Herring,Staff,Female,69,FIT
U029,Davion Chaney,Staff,Female,40,BUS
U030,Shayna Oconnor,Staff,Female,44,BUS
U031,Libby Mendez,Staff,Male,47,ART
U032,Elsie Olson,Staff,Male,62,SCI
U033,Anderson Fuentes,Staff,Female,59,ENG
U034,Desirae Neal,Staff,Female,52,ENG
U035,Yael Hardin,Staff,Female,58,ENG
U036,Tess Sheppard,Staff,Female,65,FIT
U037,Khalil Frey,Student,Female,28,BUS
U038,Lillian Vaughan,Student,Male,25,BUS
U039,Jalen Bernard,Student,Male,43,ART
U040,Xzavier Robles,Student,Female,35,FIT
U041,Roberto Oliver,Student,Female,32,FIT
U042,Alyssa Shepherd,Staff,Male,48,FIT
U043,Camden Riley,Student,Male,50,FIT
U044,Rex Kent,Student,Male,28,FIT
U045,Maximus Knox,Staff,Male,52,FIT
U046,Precious Hill,Staff,Male,43,FIT
U047,Gabrielle Norman,Student,Male,34,FIT
U048,Kate Hanna,Student,Male,34,FIT
U049,Elyse Martinez,Student,Male,39,FIT
U050,Renee Greer,Student,Male,50,FIT
U051,Axel Rodriguez,Student,Male,50,FIT
U052,Kody Nunez,Student,Male,37,ART
U053,Travis Duran,Student,Male,32,ART
U054,Noel Mccarthy,Staff,Male,53,ART
U055,Nancy Fuller,Student,Male,27,ART
U056,Ismael Decker,Student,Male,41,ART
U057,Julianna Reese,Staff,Male,50,ART
U058,Bo Friedman,Staff,Male,36,ART
U059,Jude Harvey,Student,Female,26,ART
U060,Dylan Campbell,Student,Female,20,SCI
U061,Jayden Jordan,Student,Male,20,SCI
U062,Quentin Khan,Student,Male,28,SCI
U063,Julian Murphy,Student,Male,33,SCI
U064,Amara Pittman,Student,Female,21,SCI
U065,Rowan Sanford,Student,Female,42,SCI
U066,Yoselin Wise,Staff,Male,53,SCI
U067,Yadira Fleming,Student,Male,24,SCI
U068,Ben Howard,Student,Male,23,SCI
U069,Lizeth Zimmerman,Staff,Male,65,SCI
U070,Christian Huff,Staff,Male,64,SCI
U071,Kai Yoder,Student,Male,28,SCI
U072,Kayden Crane,Student,Male,49,SCI
U073,Fletcher Kim,Student,Male,28,FIT
U074,Jimena Benitez,Student,Female,25,FIT
U075,Andrew Roth,Student,Female,24,FIT
U076,Kamari Rubio,Student,Male,33,FIT
U077,Talan Bryant,Student,Male,45,FIT
U078,Avah Franco,Staff,Male,37,FIT
U079,Alberto Rivers,Student,Female,18,ART
U080,Jefferson Alexander,Student,Female,48,ART
U081,Isabella Berg,Staff,Male,51,SCI
U082,Duncan Wilkerson,Staff,Male,35,SCI
U083,Laurel Bradley,Student,Male,42,ENG
U084,Tyrell Carney,Student,Male,41,ENG
U085,Julius Haley,Student,Male,33,ENG
U086,Landon Mercer,Student,Male,23,ENG
U087,June Villa,Student,Male,42,BUS
U088,Miracle Hodge,Student,Male,41,BUS
U089,Claire Simmons,Student,Female,47,SCI
U090,Anderson Ewing,Staff,Female,63,SCI
U091,Zackary Wood,Student,Male,18,FIT
U092,Johan Lynn,Student,Male,23,FIT
U093,Ryker Terry,Staff,Male,60,FIT
U094,Kimora Guerrero,Staff,Female,55,FIT
U095,Miah Hale,Student,Female,18,FIT
U096,Eva Downs,Student,Male,39,FIT
U097,Marlene Elliott,Student,Male,21,ART
U098,Isabella Blake,Student,Male,34,ART
U099,Salma Mueller,Student,Male,36,SCI
U100,Alfonso Copeland,Student,Male,27,SCI
U101,Samir Colon,Student,Male,18,ENG
U102,Manuel Blanchard,Staff,Male,67,ENG
U103,Reece Zuniga,Student,Male,43,ENG
U104,Alvaro Franco,Student,Female,48,ENG
U105,Brodie Morse,Staff,Female,57,BUS
U106,Julie Schmidt,Staff,Male,51,BUS
U107,Kiana Berg,Student,Male,48,SCI
U108,Yasmine Randall,Student,Male,46,SCI
U109,Alannah Wilcox,Student,Female,39,FIT
U110,Glenn Carrillo,Student,Female,31,FIT
U111,Jillian Clarke,Student,Male,50,FIT
U112,Kayley Andrews,Student,Male,47,FIT
U113,Helen Arias,Student,Male,21,FIT
U114,Esther Obrien,Staff,Male,67,FIT
U115,Omari Prince,Student,Male,40,ART
U116,Ashtyn Warner,Student,Male,25,ART
U117,Alexia Simon,Staff,Male,61,SCI
U118,Abbey Key,Staff,Male,50,SCI
U119,Branden Osborne,Student,Female,47,ENG
U120,Daniella Harrell,Student,Female,25,ENG
U121,Jayden Klein,Student,Male,31,ENG
U122,Jace Booker,Student,Male,22,ENG
U123,Madelynn Day,Student,Male,29,BUS
U124,Jesus Woodard,Student,Female,49,BUS
U125,Rodrigo Hale,Student,Female,22,SCI
U126,Griffin Munoz,Staff,Male,43,SCI
U127,Aniya Villanueva,Student,Male,48,FIT
U128,Cale Brady,Student,Male,18,FIT
U129,Aspen Terrell,Staff,Male,70,FIT
U130,Jessie Cole,Staff,Male,36,FIT
U131,Celia Kelly,Student,Male,41,FIT
U132,Jamiya Bruce,Student,Male,24,FIT
U133,Niko Fernandez,Student,Male,44,ART
U134,Keyla Evans,Student,Female,24,ART
U135,Sammy Mccarty,Student,Female,24,SCI
U136,Layton Odonnell,Student,Male,48,SCI
U137,Grady Roth,Student,Male,27,ENG
U138,Keenan Chung,Staff,Male,42,ENG
U139,Jan Sampson,Student,Female,31,ENG
U140,Camron Conway,Student,Female,37,ENG
U141,Gretchen Beasley,Staff,Male,35,BUS
U142,Randall Medina,Staff,Male,50,BUS
U143,Morgan Adkins,Student,Male,48,SCI
U144,Damari Freeman,Student,Male,35,SCI
U145,Aidan Solomon,Student,Male,45,FIT
U146,Roberto Dillon,Student,Male,26,FIT
U147,Colin Estrada,Student,Male,49,FIT
U148,Semaj Massey,Student,Male,36,FIT
U149,Cristofer Patton,Student,Female,46,FIT
U150,Carl Baxter,Staff,Female,52,FIT
U151,Corey Brown,Student,Male,18,ART
U152,Marley Madden,Student,Male,36,ART
U153,Deegan Juarez,Staff,Male,37,SCI
U154,Aria Huerta,Staff,Female,44,SCI
U155,Clare Chaney,Student,Female,18,ENG
U156,Milton Fuller,Student,Male,19,ENG
U157,Cassius Ross,Student,Male,28,ENG
U158,Ezequiel Shea,Student,Male,34,ENG
U159,Josh Moon,Student,Male,24,BUS
U160,Areli Hickman,Student,Male,42,BUS
U161,Brandon Juarez,Student,Male,34,SCI
U162,Morgan Wells,Staff,Male,70,SCI
